{"cameraMode":{"drawMode":0,"name":"Shaded","section":"Shading Mode"},"sceneLighting":true,"audioPlay":false,"sceneViewState":{"m_AlwaysRefresh":false,"showFog":true,"showSkybox":true,"showFlares":true,"showImageEffects":true,"showParticleSystems":true,"showVisualEffectGraphs":true,"m_FxEnabled":true},"in2DMode":false,"pivot":{"x":18.23031234741211,"y":3.8099145889282228,"z":17.233232498168947},"rotation":{"x":-0.6263101696968079,"y":-0.0007027515093795955,"z":0.0005658759619109333,"w":-0.7795747518539429},"size":15.683903694152832,"orthographic":false}